{
  "0.0001": {
    "final_reward": 0.2235781106873839,
    "max_reward": 1.1952999130571873,
    "convergence": 0.2800678947621862
  },
  "0.0003": {
    "final_reward": 0.41601431159797453,
    "max_reward": 1.0717060283948896,
    "convergence": -0.0027586334521512157
  },
  "0.001": {
    "final_reward": 0.3878149352126033,
    "max_reward": 1.1990090317598128,
    "convergence": 0.15913132403239458
  }
}